,VideoId,VideoTitle,UploadDate,ViewCount,LikeCount,DislikeCount,FavoriteCount,CommentCount
0,HRXXS9EkdaM,"I BOUGHT A 200,000 MILE TOYOTA PRIUS",2022-10-19,11116,1317,0,0,193
1,hlXf_Ay-2Y0,TOYOTA SUPRA vs NISSAN SILVIA S15. SPARO FULL GAS!,2022-10-19,13786,3650,0,0,62
2,9qxTcxZk338,Toyota GR Yaris is a Rally Beast,2022-10-19,895,42,0,0,2
3,y1jX-jYJY1k,This Toyota Tundra Overland Build Fixes One of the New Truck&#39;s BIGGEST Issues!,2022-10-19,2063,190,0,0,32
4,83C2wHHs1OI,Toyota RAV4 GR Sport estreia com visual esportivo e suspens√£o recalibrada,2022-10-19,44,11,0,0,0
5,kOH_Nl_K7Cc,Fixing My Paintjob/ Charging The A/C On My TDI Swapped Toyota Tacoma!,2022-10-19,2625,401,0,0,17
6,jE-2P9r0i2U,COMPRO UN TOYOTA SUPRA PARA DRIFT en CARX DRIFT ONLINE üòç,2022-10-19,5563,771,0,0,53
7,jvECe758AmM,"2023 Nissan Z 9AT vs 2022 Toyota Supra 8AT, the unexpected happens! Drag and Roll Race.",2022-10-19,8321,673,0,0,417
8,-JD4VQraJqo,The most beautiful old Toyota supra ‚ù§Ô∏èüî•,2022-10-19,1026,236,0,0,1
9,ydbSN_cHirs,2023 Toyota RAV4 Joins The GR Sport Range In Europe,2022-10-19,284,18,0,0,1
10,MNtEJLXWVsQ,"2022 Toyota 4Runner near me Waukegan, Gurnee, Kenosha, WI,  Fox Lake, Libertyville, IL T25496",2022-10-19,2,0,0,0,0
11,w2bBHODlMnY,Toyota Serahkan 143 Mobil Listrik buat KTT G20 di Bali,2022-10-19,211,8,0,0,0
12,Df1WS8dtNVU,How 2023 Toyota Highlander TURBO Really Drives!,2022-10-19,1105,75,0,0,8
13,yrlsIISE1e8,"2023 Toyota Corolla Infrared Special Edition | Exterior, Interior (US Spec)",2022-10-19,258,20,0,0,2
14,4GZGo96PdJk,*Tested* The 2023 Toyota Highlander XSE - How Good is the TURBO?,2022-10-19,3276,242,0,0,63
15,qZhQu1NlhoA,Neha Dhupia spotted in Toyota Fortuner at Bandra for her Shoot,2022-10-19,1405,12,0,0,0
16,19LJLejJPQA,"Our Toyota Legender met with an Accident, How??",2022-10-19,73060,10650,0,0,296
17,-9vJBm0h-vI,Gran Turismo 7 | Spa 24h Layout | Toyota GR010 Hybrid | Third Person,2022-10-19,706,33,0,0,3
18,axDNVJJjfXw,DO YOU AGREE? #toyotatacoma #engineer #offroad #overland #toyota,2022-10-19,605,20,0,0,1
19,_oS0GdpZrss,X·∫£ Kho Toyota Vios 2022 Tu·∫ßn 3 Th√°ng 10|Khuy·∫øn m·∫°i c·ª±c kh·ªßng v√† h·∫•p d·∫´n|Xe24h|Toyota Ph√°p V√¢n H√† N·ªôi,2022-10-19,276,5,0,0,1
20,moNFmrbgH_o,"2019 Toyota Avalon touring under 30,000 miles with plenty of power.  Local trade in with leather.",2022-10-19,2,0,0,0,0
21,_iY8h3JHdPE,In Depth Tour Toyota &quot;Grand New&quot; Kijang Innova J [AN40] 2nd Facelift (2013) - Indonesia,2022-10-19,7628,377,0,0,131
22,RrYLSK6JRzk,"2023 Toyota Camry near me Waukegan, Gurnee, Kenosha, WI,  Fox Lake, Libertyville, IL T25555",2022-10-19,3,0,0,0,0
23,a2tDqqSpPKo,"New 2022 Toyota GR Supra Baltimore, MD #222665",2022-10-19,0,0,0,0,0
24,lfkMkaHDBYY,„ÄêÂΩ±Èü≥Êñ∞ËÅû„ÄëToyota Gazoo Racing Fan FestivalÔΩúSupraÊâãÊéí GR YarisÂª†Ëªä Ë≥ΩÈÅìÊê∂ÂÖàÈ´îÈ©ó ft. @ÂßêÂßêÊÑõÈñãËªä „Äê7CarÂ∞è‰∏ÉËªäËßÄÈªû„Äë,2022-10-19,1440,48,0,0,0
25,NsTMy879I6c,Toyota Fortuner modified power #toyota #fortuner #car #haryana #bestcar #4x4,2022-10-19,647,38,0,0,0
26,UZmLagljdnY,"–ú–æ—à–∏–Ω–±–æ–∑–æ—Ä–∏ –î—É—à–∞–Ω–±–µ/// Opel Astra F, Opel Astra G, Toyota Fielder, Toyota Rav4, Mercedes C-Class",2022-10-19,10266,493,0,0,29
27,d6MPeXg0nXk,"Used 2019 Toyota C-HR LE Oakdale, Patchogue, Long Island, Bohemia, Sayville",2022-10-19,1,0,0,0,0
28,uv4ILtOXS2A,"New Toyota RAV4 GR SPORT 2023 | FIRST LOOK, Exterior, Interior &amp; Release Date",2022-10-19,511,10,0,0,0
29,BxxDNk-0Rp8,GTA 5 : TOYOTA FORTUNER 2022 NEW MODEL UBER TAXI DRIVER IN LOS SANTOS WITH LOGITECH G29 WHEEL,2022-10-19,4160,416,0,0,82
30,NP1j2gSZF6w,üî¥LIVE OBROL OTOMOTIF: TOYOTA EXPO 2022,2022-10-19,859,7,0,0,0
31,WNcj8edErq4,2023 Toyota RAV4 GR SPORT,2022-10-19,1167,26,0,0,2
32,T-ywAJLSBzA,TOYOTA VELOZ 2022 ‚Äì SI KEMBAR ALZA!,2022-10-19,32681,1785,0,0,187
33,N25zxlYnc-M,ÿ¥ÿßÿµ 2023 Ÿàÿßÿ±ÿØ ÿ≥ÿπŸàÿØŸä ŸÑŸäŸÖÿ™ÿØ S-DLX,2022-10-19,276,15,0,0,1
34,11l-0vuaUX4,USTAAD KAA MONSTER &quot; THE BLACK TOYOTA REVO IN FULL FORM &quot; | REAL LIEF MOD | GTA 5 PAKISTAN,2022-10-19,7382,1016,0,0,29
35,V-_e1svABLM,-35¬∞C ZOMBIE-APOKALYPSE WOHNMOBIL.Raptorlack.Ultra hoher 4x4. Toyota Hilux 2.8 2023 Made in Germany.,2022-10-19,5812,144,0,0,9
36,X7FQ4bkQBn4,Toyota Corona Premio Car Price In Bd | ‡¶∏‡¶∏‡ßç‡¶§‡¶æ‡ßü ‡¶´‡ßç‡¶∞‡ßá‡¶∂ ‡¶ï‡¶®‡ßç‡¶°‡¶ø‡¶∂‡¶® ‡¶ó‡¶æ‡¶°‡¶º‡ßÄ ‡¶ï‡¶ø‡¶®‡ßÅ‡¶® | Used Car Review |Raj Vlogs,2022-10-19,665,48,0,0,3
37,Ie-LmwpZPDM,GR Yaris Rallye review | Toyota Hot Hatch 2022 Australia,2022-10-19,960,69,0,0,7
38,bvNxourWLSg,–£—Ç–æ–ø–∏–ª–∏ –≤–æ—Å—å–º–∏–¥–µ—Å—è—Ç–∫—É...../drowned the car Toyota Land Cruiser 80,2022-10-19,9834,574,0,0,139
39,Df13k8tp0Ms,Ncp Toyota Corolla 88 | Ncp Toyota Indus Corolla 1991 | Chaman Border ncp Cars Market 2022,2022-10-19,471,37,0,0,2
40,pc_xbpbUNmo,"2020 Toyota C-HR Phoenix, Scottsdale, Tempe, Mesa, AZ 00990766",2022-10-19,3,0,0,0,0
41,jarsd63pJrU,NIEMIECKA UBEZPIECZALNIA WYCENI≈ÅA SZKODƒò NA TOYOTA AVENSIS.,2022-10-19,9736,646,0,0,66
42,Xjglgqs6bRI,‡∏™‡∏£‡∏∏‡∏õ Toyota Vellfire ‡∏°‡∏µ‡∏≠‡∏∞‡πÑ‡∏£‡∏ö‡πâ‡∏≤‡∏á ‡πÉ‡∏ô 1 ‡∏ô‡∏≤‡∏ó‡∏µ,2022-10-19,578,32,0,0,0
43,zHkw78krfmc,"New 2022 Toyota RAV4 Lexington Park, MD #T312469",2022-10-19,13,0,0,0,0
44,gmKHUtKBVjc,Reviviendo el TOYOTA para NM FEST ¬øLo logramos? | Pableke,2022-10-19,3794,349,0,0,44
45,P00F5V_fQ24,Toyota And Hyundai JUST REVEALED Their Insane Hydrogen Cars That SHOCKED The Entire  Industry,2022-10-18,4690,131,0,0,9
46,xdWxKHMdlpg,"2022 Toyota Tundra Burleson TX Fort Worth, TX #A001078A",2022-10-18,0,0,0,0,0
47,-HAcqWhVbRs,CHEVROLET TRAILBLAZER √â MELHOR QUE TOYOTA SW4? ü§î,2022-10-18,1461,259,0,0,18
48,7r4j_ZwyYWw,2023 Toyota Corolla Hybrid Revealed With Upgrades,2022-10-18,713,21,0,0,0
49,B9YixYGGNKk,"2019 TOYOTA C-HR Las Vegas, NV, Henderson, NV, St. George, UT, Phoenix, AZ, Bakersfield, CA H230001B",2022-10-18,4,0,0,0,0
